{
  "Extensions": [
    {
      "extensionName": "Secure DevOps Kit (AzSK) CICD Extensions for Azure",
      "link": "<a href='https://marketplace.visualstudio.com/items?itemName=azsdktm.AzSDK-task' target='_blank'><b>Secure DevOps Kit (AzSK) CICD Extensions for Azure</b></a>",
      "publisherId": "azsdktm",
      "extensionId": "AzSDK-task",
      "publisherName": "Microsoft DevLabs",
      "License": "<a href='https://marketplace.visualstudio.com/items?itemName=azsdktm.AzSDK-task' target='_blank'>License Terms</a>"
    },
    {
      "extensionName": "Replace Tokens",
      "link": "<a href='https://marketplace.visualstudio.com/items?itemName=qetza.replacetokens' target='_blank'><b>Replace Tokens</b></a>",
      "publisherId": "qetza",
      "extensionId": "replacetokens",
      "publisherName": "Guillaume Rouchon",
      "License": "<a href='https://marketplace.visualstudio.com/items?itemName=qetza.replacetokens' target='_blank'>License Terms</a>"
    },
    {
      "extensionName": "SonarCloud",
      "link": "<a href='https://marketplace.visualstudio.com/items?itemName=SonarSource.sonarcloud' target='_blank'><b>SonarCloud</b></a>",
      "publisherId": "SonarSource",
      "extensionId": "sonarcloud",
      "publisherName": "SonarSource",
      "License": "<a href='https://marketplace.visualstudio.com/items?itemName=SonarSource.sonarcloud' target='_blank'>License Terms</a>"
    },
    {
      "extensionName": "WhiteSource Bolt",
      "link": "<a href='https://marketplace.visualstudio.com/items?itemName=whitesource.ws-bolt' target='_blank'><b>WhiteSource Bolt</b></a>",
      "publisherId": "whitesource",
      "extensionId": "ws-bolt",
      "publisherName": "WhiteSource",
      "License": "<a href='https://marketplace.visualstudio.com/items?itemName=whitesource.ws-bolt' target='_blank'>License Terms</a>"
    }
  ]
}